{
    "2830_800_1751035512.png|3230_800_1751035523.png": {
        "M": [
            [
                0.9953197399624746,
                -0.0014745549727512139,
                31.873393854906972
            ],
            [
                -0.008713332009315409,
                1.0037437833323595,
                1716.2276834630334
            ]
        ],
        "tx": 31.873393854906972,
        "ty": 1716.2276834630334,
        "angle": -0.5015718835724492,
        "img1_path": "test_images\\2830_800_1751035512.png",
        "img2_path": "test_images\\3230_800_1751035523.png",
        "auto_match": true
    }
}