{
    "camera_matrix": [
        [
            2479.4563801830427,
            0.0,
            1253.36156247451
        ],
        [
            0.0,
            2480.550873551994,
            1023.4146006655898
        ],
        [
            0.0,
            0.0,
            1.0
        ]
    ],
    "dist_coeffs": [
        [
            -0.06895001368504515
        ],
        [
            0.007285622005468708
        ],
        [
            -0.00014091707144283614
        ],
        [
            7.293599943849561e-06
        ],
        [
            -0.0007235623905528665
        ]
    ],
    "image_size": [
        2464,
        2056
    ],
    "rms_error": 0.26995123106150015
}